{"cameraMode":{"drawMode":0,"name":"Shaded","section":"Shading Mode"},"sceneLighting":false,"audioPlay":false,"sceneViewState":{"showFog":true,"showMaterialUpdate":false,"showSkybox":false,"showFlares":true,"showImageEffects":true,"showParticleSystems":true},"in2DMode":false,"pivot":{"x":-29.999711990356447,"y":0.7876560688018799,"z":16.0},"rotation":{"x":-0.3048087954521179,"y":0.5660308599472046,"z":-0.23685568571090699,"w":-0.7284238934516907},"size":1.0380191802978516,"orthographic":false}